first_name,last_name,email,username
Preston,Rau,damien.kunde@yahoo.com,donya.medhurst
Angelo,Terry,shirleen.steuber@yahoo.com,catherin.heathcote
Tyson,Ankunding,eddie.kunze@gmail.com,leola.kshlerin
Billie,Hirthe,edythe.corwin@gmail.com,leanne.grimes
Mica,Goldner,barrie.lind@yahoo.com,jamey.towne
Hsiu,Grady,hiram.harber@gmail.com,clarice.lubowitz
Argentina,Baumbach,colleen.rosenbaum@yahoo.com,sau.wolf
Denny,Ernser,haywood.wolff@yahoo.com,tisa.connelly
Trista,Larson,gordon.konopelski@gmail.com,bernardo.gottlieb
Cody,Crooks,jasper.schoen@gmail.com,claud.bashirian
Valentine,O'Connell,shelby.feil@hotmail.com,giovanni.rodriguez
Kieth,Jenkins,spencer.gibson@yahoo.com,angelo.murphy
Alexis,Nader,napoleon.prosacco@hotmail.com,elden.oberbrunner
Chuck,Bins,judy.raynor@gmail.com,benedict.casper
Otilia,Romaguera,izetta.heidenreich@gmail.com,rex.wolf
Wilfredo,Torp,idella.mcdermott@yahoo.com,regina.bartoletti
Courtney,Heaney,leonel.russel@gmail.com,sol.stark
Sherwood,Luettgen,kyle.johnson@hotmail.com,leonardo.kuphal
Milton,Parker,cassi.stamm@hotmail.com,virgil.oconner
Peggy,Prosacco,dagny.barrows@yahoo.com,thaddeus.douglas
